
{
	"nodes" : 	[

		{
			"id" : 1,
			"origin" : 2140659557,
			"pos" : [-0.205467000603676, 0.0442812032997608, -0.351061701774597],
			"ang" : [-0.111904188990593, -0.754955112934113, -0.114280194044113, 0.635971963405609],
			"exposure" : 1,
			"linked" : [2]
		},

		{
			"id" : 2,
			"origin" : 2140659557,
			"pos" : [-0.0447496771812439, 0.0417239479720593, -0.323932528495789],
			"ang" : [-0.111904188990593, -0.754955112934113, -0.114280194044113, 0.635971963405609],
			"exposure" : 1,
			"linked" : [1, 3]
		},

		{
			"id" : 3,
			"origin" : 2140659557,
			"pos" : [0.149474665522575, 0.0337982662022114, -0.291031539440155],
			"ang" : [-0.111904188990593, -0.754955112934113, -0.114280194044113, 0.635971963405609],
			"exposure" : 1,
			"linked" : [2]
		}
	],
	"uidcount" : 3
}